,Sequences,Support
157,"CREAM HANGING HEART T-LIGHT HOLDER,CREAM HANGING HEART T-LIGHT HOLDER",416
84,"REGENCY CAKESTAND 3 TIER,REGENCY CAKESTAND 3 TIER",363
154,"JUMBO BAG RED RETROSPOT,JUMBO BAG RED RETROSPOT",317
152,"ASSORTED COLOUR BIRD ORNAMENT,ASSORTED COLOUR BIRD ORNAMENT",294
0,"LUNCH BAG RED RETROSPOT,LUNCH BAG RED RETROSPOT",284
143,"PARTY BUNTING,PARTY BUNTING",282
107,"SET OF 3 CAKE TINS PANTRY DESIGN,SET OF 3 CAKE TINS PANTRY DESIGN",249
130,"JUMBO BAG RED RETROSPOT,JUMBO BAG VINTAGE DOILY",237
125,"JUMBO BAG VINTAGE DOILY,JUMBO BAG VINTAGE DOILY",236
29,"LUNCH BAG  BLACK SKULL.,LUNCH BAG  BLACK SKULL.",233
67,"LUNCH BAG SUKI DESIGN,LUNCH BAG SUKI DESIGN",230
176,"CREAM HANGING HEART T-LIGHT HOLDER,CREAM HANGING HEART T-LIGHT HOLDER,CREAM HANGING HEART T-LIGHT HOLDER",230
3,"LUNCH BAG RED RETROSPOT,LUNCH BAG  BLACK SKULL.",215
90,"REGENCY CAKESTAND 3 TIER,SET OF 3 REGENCY CAKE TINS",213
18,"LUNCH BAG RED RETROSPOT,LUNCH BAG VINTAGE DOILY",213
6,"LUNCH BAG CARS BLUE,LUNCH BAG RED RETROSPOT",212
137,"SPOTTY BUNTING,SPOTTY BUNTING",212
4,"LUNCH BAG  BLACK SKULL.,LUNCH BAG RED RETROSPOT",211
43,"LUNCH BAG CARS BLUE,LUNCH BAG CARS BLUE",210
7,"LUNCH BAG RED RETROSPOT,LUNCH BAG SPACEBOY DESIGN",209
135,"LUNCH BAG VINTAGE DOILY,LUNCH BAG VINTAGE DOILY",209
9,"LUNCH BAG RED RETROSPOT,LUNCH BAG SUKI DESIGN",208
129,"JUMBO BAG VINTAGE DOILY,JUMBO BAG RED RETROSPOT",206
12,"LUNCH BAG PINK POLKADOT,LUNCH BAG RED RETROSPOT",204
21,"JUMBO BAG RED RETROSPOT,LUNCH BAG RED RETROSPOT",204
98,"HEART OF WICKER SMALL,HEART OF WICKER SMALL",203
73,"LUNCH BAG PINK POLKADOT,LUNCH BAG PINK POLKADOT",202
60,"POPCORN HOLDER,POPCORN HOLDER",202
158,"POSTAGE,POSTAGE",201
8,"LUNCH BAG SPACEBOY DESIGN,LUNCH BAG RED RETROSPOT",201
20,"LUNCH BAG RED RETROSPOT,JUMBO BAG RED RETROSPOT",201
61,"LUNCH BAG SPACEBOY DESIGN,LUNCH BAG SPACEBOY DESIGN",201
56,"PACK OF 72 RETROSPOT CAKE CASES,PACK OF 72 RETROSPOT CAKE CASES",199
11,"LUNCH BAG RED RETROSPOT,LUNCH BAG PINK POLKADOT",199
5,"LUNCH BAG RED RETROSPOT,LUNCH BAG CARS BLUE",198
59,"PAPER CHAIN KIT 50'S CHRISTMAS,PAPER CHAIN KIT 50'S CHRISTMAS",198
139,"PARTY BUNTING,SPOTTY BUNTING",197
10,"LUNCH BAG SUKI DESIGN,LUNCH BAG RED RETROSPOT",194
14,"LUNCH BAG RED RETROSPOT,LUNCH BAG APPLE DESIGN",194
22,"LUNCH BAG WOODLAND,LUNCH BAG WOODLAND",193
31,"LUNCH BAG CARS BLUE,LUNCH BAG  BLACK SKULL.",191
35,"LUNCH BAG SUKI DESIGN,LUNCH BAG  BLACK SKULL.",190
82,"JUMBO BAG RED RETROSPOT,JUMBO BAG PINK POLKADOT",190
46,"LUNCH BAG CARS BLUE,LUNCH BAG SUKI DESIGN",190
120,"JUMBO BAG RED RETROSPOT,JUMBO BAG APPLES",189
169,"REGENCY CAKESTAND 3 TIER,REGENCY CAKESTAND 3 TIER,REGENCY CAKESTAND 3 TIER",189
113,"ALARM CLOCK BAKELIKE RED,ALARM CLOCK BAKELIKE RED",189
131,"LUNCH BAG APPLE DESIGN,LUNCH BAG APPLE DESIGN",188
175,"JUMBO BAG RED RETROSPOT,JUMBO BAG RED RETROSPOT,JUMBO BAG RED RETROSPOT",188
142,"JUMBO BAG RED RETROSPOT,JUMBO BAG 50'S CHRISTMAS",188
116,"RABBIT NIGHT LIGHT,RABBIT NIGHT LIGHT",187
96,"NATURAL SLATE HEART CHALKBOARD,NATURAL SLATE HEART CHALKBOARD",187
146,"WOODEN PICTURE FRAME WHITE FINISH,WOODEN PICTURE FRAME WHITE FINISH",186
127,"LUNCH BAG VINTAGE DOILY,JUMBO BAG VINTAGE DOILY",186
34,"LUNCH BAG  BLACK SKULL.,LUNCH BAG SUKI DESIGN",186
81,"JUMBO BAG PINK POLKADOT,JUMBO BAG RED RETROSPOT",185
48,"LUNCH BAG CARS BLUE,LUNCH BAG PINK POLKADOT",184
63,"LUNCH BAG SUKI DESIGN,LUNCH BAG SPACEBOY DESIGN",184
115,"SET OF 4 PANTRY JELLY MOULDS,SET OF 4 PANTRY JELLY MOULDS",183
62,"LUNCH BAG SPACEBOY DESIGN,LUNCH BAG SUKI DESIGN",183
114,"JAM MAKING SET WITH JARS,JAM MAKING SET WITH JARS",183
52,"LUNCH BAG CARS BLUE,LUNCH BAG VINTAGE DOILY",182
1,"LUNCH BAG RED RETROSPOT,LUNCH BAG WOODLAND",181
55,"REX CASH+CARRY JUMBO SHOPPER,REX CASH+CARRY JUMBO SHOPPER",181
124,"JUMBO BAG RED RETROSPOT,JUMBO BAG VINTAGE LEAF",180
37,"LUNCH BAG PINK POLKADOT,LUNCH BAG  BLACK SKULL.",180
88,"ROSES REGENCY TEACUP AND SAUCER,REGENCY CAKESTAND 3 TIER",178
44,"LUNCH BAG CARS BLUE,LUNCH BAG SPACEBOY DESIGN",178
47,"LUNCH BAG SUKI DESIGN,LUNCH BAG CARS BLUE",178
2,"LUNCH BAG WOODLAND,LUNCH BAG RED RETROSPOT",177
30,"LUNCH BAG  BLACK SKULL.,LUNCH BAG CARS BLUE",176
147,"WOODEN PICTURE FRAME WHITE FINISH,WOODEN FRAME ANTIQUE WHITE",175
33,"LUNCH BAG SPACEBOY DESIGN,LUNCH BAG  BLACK SKULL.",175
123,"JUMBO BAG RED RETROSPOT,JUMBO BAG ALPHABET",174
95,"CREAM HANGING HEART T-LIGHT HOLDER,REGENCY CAKESTAND 3 TIER",174
65,"LUNCH BAG PINK POLKADOT,LUNCH BAG SPACEBOY DESIGN",174
49,"LUNCH BAG PINK POLKADOT,LUNCH BAG CARS BLUE",174
58,"CREAM HANGING HEART T-LIGHT HOLDER,RED HANGING HEART T-LIGHT HOLDER",174
36,"LUNCH BAG  BLACK SKULL.,LUNCH BAG PINK POLKADOT",174
87,"REGENCY CAKESTAND 3 TIER,ROSES REGENCY TEACUP AND SAUCER",173
94,"REGENCY CAKESTAND 3 TIER,CREAM HANGING HEART T-LIGHT HOLDER",173
91,"REGENCY CAKESTAND 3 TIER,PARTY BUNTING",172
76,"LUNCH BAG PINK POLKADOT,LUNCH BAG VINTAGE DOILY",172
32,"LUNCH BAG  BLACK SKULL.,LUNCH BAG SPACEBOY DESIGN",172
57,"RED HANGING HEART T-LIGHT HOLDER,CREAM HANGING HEART T-LIGHT HOLDER",172
103,"CREAM HANGING HEART T-LIGHT HOLDER,HEART OF WICKER LARGE",172
16,"LUNCH BAG RED RETROSPOT,LUNCH BAG ALPHABET DESIGN",172
69,"LUNCH BAG PINK POLKADOT,LUNCH BAG SUKI DESIGN",172
13,"LUNCH BAG RED RETROSPOT,JUMBO BAG VINTAGE DOILY",172
99,"HEART OF WICKER SMALL,CREAM HANGING HEART T-LIGHT HOLDER",171
92,"PARTY BUNTING,REGENCY CAKESTAND 3 TIER",171
66,"LUNCH BAG SPACEBOY DESIGN,LUNCH BAG VINTAGE DOILY",171
53,"LUNCH BAG CARS BLUE,JUMBO BAG RED RETROSPOT",170
151,"WOODEN FRAME ANTIQUE WHITE,WOODEN FRAME ANTIQUE WHITE",170
40,"LUNCH BAG  BLACK SKULL.,LUNCH BAG VINTAGE DOILY",170
172,"JUMBO BAG RED RETROSPOT,JUMBO BAG VINTAGE DOILY  JUMBO BAG RED RETROSPOT",170
19,"LUNCH BAG VINTAGE DOILY,LUNCH BAG RED RETROSPOT",170
112,"ALARM CLOCK BAKELIKE RED,ALARM CLOCK BAKELIKE GREEN",169
77,"LUNCH BAG PINK POLKADOT,JUMBO BAG RED RETROSPOT",169
27,"LUNCH BAG SPACEBOY DESIGN,LUNCH BAG WOODLAND",169
144,"PARTY BUNTING,CREAM HANGING HEART T-LIGHT HOLDER",169
68,"LUNCH BAG SUKI DESIGN,LUNCH BAG PINK POLKADOT",169
101,"HEART OF WICKER LARGE,HEART OF WICKER LARGE",169
153,"CREAM HANGING HEART T-LIGHT HOLDER,ASSORTED COLOUR BIRD ORNAMENT",169
51,"LUNCH BAG CARS BLUE,LUNCH BAG ALPHABET DESIGN",169
128,"JUMBO BAG VINTAGE DOILY,JUMBO BAG 50'S CHRISTMAS",168
104,"RECIPE BOX PANTRY YELLOW DESIGN,RECIPE BOX PANTRY YELLOW DESIGN",168
145,"CREAM HANGING HEART T-LIGHT HOLDER,PARTY BUNTING",167
159,"LUNCH BAG RED RETROSPOT,LUNCH BAG RED RETROSPOT,LUNCH BAG RED RETROSPOT",167
136,"JUMBO BAG RED RETROSPOT,LUNCH BAG VINTAGE DOILY",167
132,"LUNCH BAG APPLE DESIGN,LUNCH BAG VINTAGE DOILY",167
79,"JUMBO BAG PINK POLKADOT,JUMBO BAG PINK POLKADOT",167
23,"LUNCH BAG WOODLAND,LUNCH BAG  BLACK SKULL.",166
26,"LUNCH BAG WOODLAND,LUNCH BAG SPACEBOY DESIGN",166
89,"SET OF 3 CAKE TINS PANTRY DESIGN,REGENCY CAKESTAND 3 TIER",166
119,"JUMBO BAG APPLES,JUMBO BAG RED RETROSPOT",165
70,"LUNCH BAG SUKI DESIGN,LUNCH BAG APPLE DESIGN",165
134,"LUNCH BAG ALPHABET DESIGN,LUNCH BAG VINTAGE DOILY",165
122,"JUMBO BAG ALPHABET,JUMBO BAG RED RETROSPOT",165
50,"LUNCH BAG CARS BLUE,LUNCH BAG APPLE DESIGN",165
45,"LUNCH BAG SPACEBOY DESIGN,LUNCH BAG CARS BLUE",164
100,"CREAM HANGING HEART T-LIGHT HOLDER,HEART OF WICKER SMALL",164
108,"SET OF 3 CAKE TINS PANTRY DESIGN,SET OF 3 REGENCY CAKE TINS",164
78,"JUMBO BAG RED RETROSPOT,LUNCH BAG PINK POLKADOT",164
72,"LUNCH BAG SUKI DESIGN,LUNCH BAG VINTAGE DOILY",164
42,"JUMBO BAG RED RETROSPOT,LUNCH BAG  BLACK SKULL.",164
85,"REGENCY CAKESTAND 3 TIER,GREEN REGENCY TEACUP AND SAUCER",163
156,"CREAM HANGING HEART T-LIGHT HOLDER,JUMBO BAG RED RETROSPOT",163
15,"LUNCH BAG APPLE DESIGN,LUNCH BAG RED RETROSPOT",162
64,"LUNCH BAG SPACEBOY DESIGN,LUNCH BAG PINK POLKADOT",162
111,"ALARM CLOCK BAKELIKE GREEN,ALARM CLOCK BAKELIKE RED",161
75,"LUNCH BAG PINK POLKADOT,LUNCH BAG ALPHABET DESIGN",161
121,"JUMBO BAG ALPHABET,JUMBO BAG ALPHABET",161
41,"LUNCH BAG  BLACK SKULL.,JUMBO BAG RED RETROSPOT",161
167,"LUNCH BAG RED RETROSPOT LUNCH BAG PINK POLKADOT,LUNCH BAG RED RETROSPOT",160
150,"CREAM HANGING HEART T-LIGHT HOLDER,WOODEN PICTURE FRAME WHITE FINISH",160
102,"HEART OF WICKER LARGE,CREAM HANGING HEART T-LIGHT HOLDER",160
126,"JUMBO BAG VINTAGE DOILY,LUNCH BAG VINTAGE DOILY",160
74,"LUNCH BAG PINK POLKADOT,LUNCH BAG APPLE DESIGN",160
80,"JUMBO BAG PINK POLKADOT,JUMBO BAG VINTAGE DOILY",160
54,"SET/5 RED RETROSPOT LID GLASS BOWLS,SET/5 RED RETROSPOT LID GLASS BOWLS",159
173,"ASSORTED COLOUR BIRD ORNAMENT,ASSORTED COLOUR BIRD ORNAMENT,ASSORTED COLOUR BIRD ORNAMENT",159
24,"LUNCH BAG  BLACK SKULL.,LUNCH BAG WOODLAND",159
86,"GREEN REGENCY TEACUP AND SAUCER,REGENCY CAKESTAND 3 TIER",159
171,"JUMBO BAG RED RETROSPOT,JUMBO BAG VINTAGE DOILY,JUMBO BAG RED RETROSPOT",158
161,"LUNCH BAG RED RETROSPOT,LUNCH BAG RED RETROSPOT LUNCH BAG SUKI DESIGN",158
141,"CREAM HANGING HEART T-LIGHT HOLDER,SMALL WHITE HEART OF WICKER",158
83,"JUMBO SHOPPER VINTAGE RED PAISLEY,JUMBO BAG RED RETROSPOT",158
71,"LUNCH BAG SUKI DESIGN,LUNCH BAG ALPHABET DESIGN",158
110,"ALARM CLOCK BAKELIKE GREEN,ALARM CLOCK BAKELIKE GREEN",158
155,"JUMBO BAG STRAWBERRY,JUMBO BAG RED RETROSPOT",157
164,"LUNCH BAG RED RETROSPOT LUNCH BAG  BLACK SKULL.,LUNCH BAG RED RETROSPOT",157
39,"LUNCH BAG  BLACK SKULL.,LUNCH BAG ALPHABET DESIGN",157
148,"WOODEN FRAME ANTIQUE WHITE,WOODEN PICTURE FRAME WHITE FINISH",157
38,"LUNCH BAG  BLACK SKULL.,LUNCH BAG APPLE DESIGN",156
17,"LUNCH BAG ALPHABET DESIGN,LUNCH BAG RED RETROSPOT",156
138,"SPOTTY BUNTING,PARTY BUNTING",155
168,"JUMBO BAG RED RETROSPOT,JUMBO BAG PINK POLKADOT JUMBO BAG RED RETROSPOT",155
106,"ROSES REGENCY TEACUP AND SAUCER,ROSES REGENCY TEACUP AND SAUCER",155
25,"LUNCH BAG CARS BLUE,LUNCH BAG WOODLAND",155
28,"LUNCH BAG WOODLAND,LUNCH BAG SUKI DESIGN",155
162,"LUNCH BAG RED RETROSPOT,LUNCH BAG RED RETROSPOT LUNCH BAG PINK POLKADOT",155
133,"LUNCH BAG ALPHABET DESIGN,LUNCH BAG ALPHABET DESIGN",154
166,"LUNCH BAG RED RETROSPOT LUNCH BAG SUKI DESIGN,LUNCH BAG SUKI DESIGN",154
93,"REGENCY CAKESTAND 3 TIER,ASSORTED COLOUR BIRD ORNAMENT",154
163,"LUNCH BAG  BLACK SKULL.,LUNCH BAG RED RETROSPOT LUNCH BAG  BLACK SKULL.",154
160,"LUNCH BAG RED RETROSPOT,LUNCH BAG RED RETROSPOT LUNCH BAG  BLACK SKULL.",154
174,"JUMBO BAG RED RETROSPOT,JUMBO BAG RED RETROSPOT,JUMBO BAG VINTAGE DOILY",154
109,"SET OF 6 SPICE TINS PANTRY DESIGN,SET OF 6 SPICE TINS PANTRY DESIGN",153
149,"WOODEN PICTURE FRAME WHITE FINISH,CREAM HANGING HEART T-LIGHT HOLDER",153
165,"LUNCH BAG RED RETROSPOT LUNCH BAG  BLACK SKULL.,LUNCH BAG  BLACK SKULL.",153
170,"JUMBO BAG VINTAGE DOILY,JUMBO BAG VINTAGE DOILY  JUMBO BAG RED RETROSPOT",153
97,"NATURAL SLATE HEART CHALKBOARD,CREAM HANGING HEART T-LIGHT HOLDER",153
140,"CREAM HANGING HEART T-LIGHT HOLDER,SPOTTY BUNTING",153
105,"RECIPE BOX PANTRY YELLOW DESIGN,SET OF 3 CAKE TINS PANTRY DESIGN",153
117,"JUMBO BAG APPLES,JUMBO BAG APPLES",153
118,"JUMBO BAG APPLES,JUMBO BAG VINTAGE DOILY",153
