,Sequences,Support,Num elements
11,"GREEN REGENCY TEACUP AND SAUCER, PINK REGENCY TEACUP AND SAUCER, ROSES REGENCY TEACUP AND SAUCER",240,3
13,"GREEN REGENCY TEACUP AND SAUCER, ROSES REGENCY TEACUP AND SAUCER",313,2
22,"PAPER CHAIN KIT 50'S CHRISTMAS, PAPER CHAIN KIT VINTAGE CHRISTMAS",313,2
12,"GREEN REGENCY TEACUP AND SAUCER, PINK REGENCY TEACUP AND SAUCER",283,2
7,"HEART OF WICKER SMALL, HEART OF WICKER LARGE",277,2
16,"RED HANGING HEART T-LIGHT HOLDER, CREAM HANGING HEART T-LIGHT HOLDER",273,2
4,"REGENCY CAKESTAND 3 TIER, ROSES REGENCY TEACUP AND SAUCER",266,2
10,"PINK REGENCY TEACUP AND SAUCER, ROSES REGENCY TEACUP AND SAUCER",257,2
1,"JUMBO BAG PINK POLKADOT, JUMBO BAG RED RETROSPOT",255,2
25,"LUNCH BAG RED RETROSPOT, LUNCH BAG PINK POLKADOT",255,2
20,"GARDENERS KNEELING PAD CUP OF TEA, GARDENERS KNEELING PAD KEEP CALM",254,2
28,"LUNCH BAG RED RETROSPOT, LUNCH BAG  BLACK SKULL.",253,2
27,"LUNCH BAG RED RETROSPOT, LUNCH BAG CARS BLUE",251,2
3,"REGENCY CAKESTAND 3 TIER, GREEN REGENCY TEACUP AND SAUCER",248,2
24,"LUNCH BAG RED RETROSPOT, LUNCH BAG SUKI DESIGN",248,2
8,"WOODEN HEART CHRISTMAS SCANDINAVIAN, WOODEN STAR CHRISTMAS SCANDINAVIAN",247,2
9,"WOODEN PICTURE FRAME WHITE FINISH, WOODEN FRAME ANTIQUE WHITE",247,2
32,"LUNCH BAG CARS BLUE, LUNCH BAG SUKI DESIGN",246,2
21,"SPOTTY BUNTING, PARTY BUNTING",244,2
6,"PACK OF 72 RETROSPOT CAKE CASES, PACK OF 60 PINK PAISLEY CAKE CASES",243,2
26,"LUNCH BAG RED RETROSPOT, LUNCH BAG SPACEBOY DESIGN",243,2
14,"ALARM CLOCK BAKELIKE GREEN, ALARM CLOCK BAKELIKE RED",242,2
33,"LUNCH BAG CARS BLUE, LUNCH BAG PINK POLKADOT",241,2
17,"JUMBO BAG VINTAGE DOILY, JUMBO BAG RED RETROSPOT",238,2
2,"LUNCH BAG SPACEBOY DESIGN, LUNCH BAG SUKI DESIGN",237,2
31,"LUNCH BAG  BLACK SKULL., LUNCH BAG PINK POLKADOT",236,2
0,"BAKING SET 9 PIECE RETROSPOT, BAKING SET SPACEBOY DESIGN",234,2
18,"JUMBO BAG VINTAGE DOILY, LUNCH BAG VINTAGE DOILY",234,2
5,"PACK OF 72 RETROSPOT CAKE CASES, 60 TEATIME FAIRY CAKE CASES",231,2
23,"JAM MAKING SET WITH JARS, JAM MAKING SET PRINTED",226,2
34,"LUNCH BAG CARS BLUE, LUNCH BAG SPACEBOY DESIGN",224,2
15,"SET OF 3 CAKE TINS PANTRY DESIGN, SET OF 6 SPICE TINS PANTRY DESIGN",223,2
29,"LUNCH BAG WOODLAND, LUNCH BAG SPACEBOY DESIGN",223,2
19,"JUMBO BAG VINTAGE LEAF, JUMBO BAG VINTAGE DOILY",221,2
30,"LUNCH BAG  BLACK SKULL., LUNCH BAG SUKI DESIGN",221,2
