,sequences,supp,n_elements
33,"ROSES REGENCY TEACUP AND SAUCER, PINK REGENCY TEACUP AND SAUCER, GREEN REGENCY TEACUP AND SAUCER, REGENCY CAKESTAND 3 TIER",165,4
72,"ROSES REGENCY TEACUP AND SAUCER, PINK REGENCY TEACUP AND SAUCER, GREEN REGENCY TEACUP AND SAUCER",240,3
35,"ROSES REGENCY TEACUP AND SAUCER, GREEN REGENCY TEACUP AND SAUCER, REGENCY CAKESTAND 3 TIER",205,3
34,"PINK REGENCY TEACUP AND SAUCER, GREEN REGENCY TEACUP AND SAUCER, REGENCY CAKESTAND 3 TIER",191,3
37,"ROSES REGENCY TEACUP AND SAUCER, PINK REGENCY TEACUP AND SAUCER, REGENCY CAKESTAND 3 TIER",179,3
143,"LUNCH BAG PINK POLKADOT, LUNCH BAG  BLACK SKULL., LUNCH BAG RED RETROSPOT",157,3
140,"LUNCH BAG SUKI DESIGN, LUNCH BAG CARS BLUE, LUNCH BAG RED RETROSPOT",155,3
141,"LUNCH BAG PINK POLKADOT, LUNCH BAG CARS BLUE, LUNCH BAG RED RETROSPOT",155,3
74,"ROSES REGENCY TEACUP AND SAUCER, GREEN REGENCY TEACUP AND SAUCER",313,2
134,"PAPER CHAIN KIT VINTAGE CHRISTMAS, PAPER CHAIN KIT 50'S CHRISTMAS",313,2
73,"PINK REGENCY TEACUP AND SAUCER, GREEN REGENCY TEACUP AND SAUCER",283,2
53,"HEART OF WICKER LARGE, HEART OF WICKER SMALL",277,2
96,"CREAM HANGING HEART T-LIGHT HOLDER, RED HANGING HEART T-LIGHT HOLDER",273,2
39,"ROSES REGENCY TEACUP AND SAUCER, REGENCY CAKESTAND 3 TIER",266,2
71,"ROSES REGENCY TEACUP AND SAUCER, PINK REGENCY TEACUP AND SAUCER",257,2
13,"JUMBO BAG RED RETROSPOT, JUMBO BAG PINK POLKADOT",255,2
137,"LUNCH BAG PINK POLKADOT, LUNCH BAG RED RETROSPOT",255,2
115,"GARDENERS KNEELING PAD KEEP CALM, GARDENERS KNEELING PAD CUP OF TEA",254,2
144,"LUNCH BAG  BLACK SKULL., LUNCH BAG RED RETROSPOT",253,2
142,"LUNCH BAG CARS BLUE, LUNCH BAG RED RETROSPOT",251,2
36,"GREEN REGENCY TEACUP AND SAUCER, REGENCY CAKESTAND 3 TIER",248,2
136,"LUNCH BAG SUKI DESIGN, LUNCH BAG RED RETROSPOT",248,2
59,"WOODEN STAR CHRISTMAS SCANDINAVIAN, WOODEN HEART CHRISTMAS SCANDINAVIAN",247,2
60,"WOODEN FRAME ANTIQUE WHITE, WOODEN PICTURE FRAME WHITE FINISH",247,2
164,"LUNCH BAG SUKI DESIGN, LUNCH BAG CARS BLUE",246,2
116,"PARTY BUNTING, SPOTTY BUNTING",244,2
46,"PACK OF 60 PINK PAISLEY CAKE CASES, PACK OF 72 RETROSPOT CAKE CASES",243,2
138,"LUNCH BAG SPACEBOY DESIGN, LUNCH BAG RED RETROSPOT",243,2
77,"ALARM CLOCK BAKELIKE RED, ALARM CLOCK BAKELIKE GREEN",242,2
165,"LUNCH BAG PINK POLKADOT, LUNCH BAG CARS BLUE",241,2
102,"JUMBO BAG RED RETROSPOT, JUMBO BAG VINTAGE DOILY",238,2
22,"LUNCH BAG SUKI DESIGN, LUNCH BAG SPACEBOY DESIGN",237,2
158,"LUNCH BAG PINK POLKADOT, LUNCH BAG  BLACK SKULL.",236,2
7,"BAKING SET SPACEBOY DESIGN, BAKING SET 9 PIECE RETROSPOT",234,2
103,"LUNCH BAG VINTAGE DOILY, JUMBO BAG VINTAGE DOILY",234,2
43,"60 TEATIME FAIRY CAKE CASES, PACK OF 72 RETROSPOT CAKE CASES",231,2
135,"JAM MAKING SET PRINTED, JAM MAKING SET WITH JARS",226,2
166,"LUNCH BAG SPACEBOY DESIGN, LUNCH BAG CARS BLUE",224,2
81,"SET OF 6 SPICE TINS PANTRY DESIGN, SET OF 3 CAKE TINS PANTRY DESIGN",223,2
152,"LUNCH BAG SPACEBOY DESIGN, LUNCH BAG WOODLAND",223,2
105,"JUMBO BAG VINTAGE DOILY, JUMBO BAG VINTAGE LEAF",221,2
157,"LUNCH BAG SUKI DESIGN, LUNCH BAG  BLACK SKULL.",221,2
64,"DOLLY GIRL LUNCH BOX, SPACEBOY LUNCH BOX",217,2
145,"JUMBO BAG RED RETROSPOT, LUNCH BAG RED RETROSPOT",217,2
159,"LUNCH BAG SPACEBOY DESIGN, LUNCH BAG  BLACK SKULL.",217,2
67,"JUMBO BAG STRAWBERRY, JUMBO BAG RED RETROSPOT",213,2
139,"LUNCH BAG WOODLAND, LUNCH BAG RED RETROSPOT",213,2
38,"PINK REGENCY TEACUP AND SAUCER, REGENCY CAKESTAND 3 TIER",211,2
147,"LUNCH BAG VINTAGE DOILY, LUNCH BAG RED RETROSPOT",210,2
76,"ALARM CLOCK BAKELIKE PINK, ALARM CLOCK BAKELIKE RED",207,2
17,"LUNCH BAG PINK POLKADOT, LUNCH BAG SUKI DESIGN",206,2
120,"LARGE WHITE HEART OF WICKER, SMALL WHITE HEART OF WICKER",205,2
160,"LUNCH BAG CARS BLUE, LUNCH BAG  BLACK SKULL.",205,2
100,"LUNCH BAG VINTAGE DOILY, LUNCH BAG APPLE DESIGN",203,2
114,"CREAM HANGING HEART T-LIGHT HOLDER, PINK HANGING HEART T-LIGHT HOLDER",203,2
23,"LUNCH BAG PINK POLKADOT, LUNCH BAG SPACEBOY DESIGN",202,2
128,"JUMBO BAG RED RETROSPOT, JUMBO STORAGE BAG SUKI",199,2
153,"LUNCH BAG CARS BLUE, LUNCH BAG WOODLAND",199,2
41,"SET OF 3 REGENCY CAKE TINS, REGENCY CAKESTAND 3 TIER",198,2
51,"CREAM HANGING HEART T-LIGHT HOLDER, HEART OF WICKER LARGE",197,2
129,"HAND WARMER SCOTTY DOG DESIGN, HAND WARMER OWL DESIGN",197,2
130,"HAND WARMER BIRD DESIGN, HAND WARMER OWL DESIGN",197,2
68,"JUMBO  BAG BAROQUE BLACK WHITE, JUMBO BAG RED RETROSPOT",196,2
148,"LUNCH BAG APPLE DESIGN, LUNCH BAG RED RETROSPOT",196,2
24,"LUNCH BAG DOLLY GIRL DESIGN, LUNCH BAG SPACEBOY DESIGN",195,2
29,"JUMBO BAG RED RETROSPOT, JUMBO SHOPPER VINTAGE RED PAISLEY",192,2
90,"JUMBO BAG RED RETROSPOT, JUMBO BAG APPLES",192,2
101,"LUNCH BAG ALPHABET DESIGN, LUNCH BAG APPLE DESIGN",192,2
69,"SET OF 3 CAKE TINS PANTRY DESIGN, RECIPE BOX PANTRY YELLOW DESIGN",191,2
49,"PINK HAPPY BIRTHDAY BUNTING, BLUE HAPPY BIRTHDAY BUNTING",189,2
52,"CREAM HANGING HEART T-LIGHT HOLDER, HEART OF WICKER SMALL",188,2
56,"PLASTERS IN TIN WOODLAND ANIMALS, PLASTERS IN TIN SPACEBOY",187,2
57,"WOODEN TREE CHRISTMAS SCANDINAVIAN, WOODEN STAR CHRISTMAS SCANDINAVIAN",186,2
50,"CREAM HANGING HEART T-LIGHT HOLDER, NATURAL SLATE HEART CHALKBOARD",185,2
110,"LOVE BUILDING BLOCK WORD, HOME BUILDING BLOCK WORD",185,2
1,"HOT WATER BOTTLE I AM SO POORLY, CHOCOLATE HOT WATER BOTTLE",184,2
20,"LUNCH BAG APPLE DESIGN, LUNCH BAG SUKI DESIGN",184,2
70,"SET OF 3 BUTTERFLY COOKIE CUTTERS, SET OF 3 HEART COOKIE CUTTERS",184,2
111,"VINTAGE HEADS AND TAILS CARD GAME, VINTAGE SNAP CARDS",184,2
127,"JUMBO BAG RED RETROSPOT, JUMBO BAG PINK VINTAGE PAISLEY",184,2
133,"60 TEATIME FAIRY CAKE CASES, PACK OF 60 PINK PAISLEY CAKE CASES",184,2
95,"JUMBO BAG VINTAGE DOILY, JUMBO BAG APPLES",183,2
11,"ASSORTED COLOUR BIRD ORNAMENT, PAINTED METAL PEARS ASSORTED",182,2
79,"JAM MAKING SET WITH JARS, SET OF 3 CAKE TINS PANTRY DESIGN",182,2
104,"JUMBO BAG RED RETROSPOT, JUMBO BAG VINTAGE LEAF",181,2
109,"JUMBO BAG VINTAGE DOILY, JUMBO BAG ALPHABET",181,2
150,"LUNCH BAG SUKI DESIGN, LUNCH BAG WOODLAND",181,2
154,"LUNCH BAG  BLACK SKULL., LUNCH BAG WOODLAND",181,2
119,"SET OF 12 MINI LOAF BAKING CASES, SET OF 12 FAIRY CAKE BAKING CASES",180,2
62,"RED KITCHEN SCALES, IVORY KITCHEN SCALES",179,2
84,"POPPY'S PLAYHOUSE KITCHEN, POPPY'S PLAYHOUSE BEDROOM",179,2
122,"JUMBO BAG 50'S CHRISTMAS, JUMBO BAG VINTAGE CHRISTMAS",179,2
161,"LUNCH BAG VINTAGE DOILY, LUNCH BAG  BLACK SKULL.",179,2
19,"LUNCH BAG VINTAGE DOILY, LUNCH BAG SUKI DESIGN",178,2
25,"LUNCH BAG VINTAGE DOILY, LUNCH BAG SPACEBOY DESIGN",178,2
28,"CREAM HANGING HEART T-LIGHT HOLDER, PARTY BUNTING",178,2
78,"ALARM CLOCK BAKELIKE PINK, ALARM CLOCK BAKELIKE GREEN",178,2
94,"JUMBO BAG PEARS, JUMBO BAG APPLES",178,2
106,"JUMBO BAG RED RETROSPOT, JUMBO BAG ALPHABET",178,2
97,"LUNCH BAG VINTAGE DOILY, LUNCH BAG VINTAGE LEAF DESIGN",177,2
15,"LUNCH BAG VINTAGE DOILY, LUNCH BAG PINK POLKADOT",176,2
75,"ALARM CLOCK BAKELIKE IVORY, ALARM CLOCK BAKELIKE RED",175,2
91,"LUNCH BAG APPLE DESIGN, JUMBO BAG APPLES",175,2
48,"CREAM HANGING HEART T-LIGHT HOLDER, ASSORTED COLOUR BIRD ORNAMENT",174,2
99,"LUNCH BAG VINTAGE LEAF DESIGN, LUNCH BAG APPLE DESIGN",174,2
123,"RED  HARMONICA IN BOX, BLUE HARMONICA IN BOX",173,2
26,"LUNCH BAG APPLE DESIGN, LUNCH BAG SPACEBOY DESIGN",172,2
126,"LOVE HOT WATER BOTTLE, HOT WATER BOTTLE KEEP CALM",172,2
162,"LUNCH BAG APPLE DESIGN, LUNCH BAG  BLACK SKULL.",172,2
3,"HOT WATER BOTTLE TEA AND SYMPATHY, CHOCOLATE HOT WATER BOTTLE",171,2
30,"PARTY BUNTING, REGENCY CAKESTAND 3 TIER",171,2
66,FANCY FONT BIRTHDAY CARD,171,2
151,"LUNCH BAG PINK POLKADOT, LUNCH BAG WOODLAND",171,2
169,"LUNCH BAG APPLE DESIGN, LUNCH BAG CARS BLUE",171,2
8,"RETROSPOT TEA SET CERAMIC 11 PC, BAKING SET 9 PIECE RETROSPOT",170,2
31,"ASSORTED COLOUR BIRD ORNAMENT, REGENCY CAKESTAND 3 TIER",169,2
131,"HAND WARMER BIRD DESIGN, HAND WARMER SCOTTY DOG DESIGN",169,2
5,"CHRISTMAS CRAFT LITTLE FRIENDS, CHRISTMAS CRAFT WHITE FAIRY",168,2
12,"GIN AND TONIC DIET METAL SIGN, COOK WITH WINE METAL SIGN",168,2
82,"SET OF TEA COFFEE SUGAR TINS PANTRY, SET OF 3 CAKE TINS PANTRY DESIGN",168,2
117,"SET OF 6 TEA TIME BAKING CASES, SET OF 12 FAIRY CAKE BAKING CASES",168,2
146,"LUNCH BAG DOLLY GIRL DESIGN, LUNCH BAG RED RETROSPOT",168,2
45,"PACK OF 60 DINOSAUR CAKE CASES, PACK OF 72 RETROSPOT CAKE CASES",167,2
113,"FELTCRAFT PRINCESS LOLA DOLL, FELTCRAFT PRINCESS CHARLOTTE DOLL",167,2
121,"SHED, KEY FOB",167,2
4,"CHOCOLATE HOT WATER BOTTLE, SCOTTIE DOG HOT WATER BOTTLE",166,2
16,"LUNCH BAG APPLE DESIGN, LUNCH BAG PINK POLKADOT",166,2
40,"SET OF 3 CAKE TINS PANTRY DESIGN, REGENCY CAKESTAND 3 TIER",166,2
88,"REGENCY TEA PLATE GREEN, REGENCY TEA PLATE ROSES",166,2
168,"LUNCH BAG VINTAGE DOILY, LUNCH BAG CARS BLUE",166,2
58,"WOODEN TREE CHRISTMAS SCANDINAVIAN, WOODEN HEART CHRISTMAS SCANDINAVIAN",165,2
98,"LUNCH BAG VINTAGE DOILY, LUNCH BAG ALPHABET DESIGN",165,2
112,"CHILDRENS CUTLERY SPACEBOY, CHILDRENS CUTLERY DOLLY GIRL",165,2
124,"JUMBO BAG RED RETROSPOT, JUMBO BAG SCANDINAVIAN BLUE PAISLEY",163,2
149,"LUNCH BAG ALPHABET DESIGN, LUNCH BAG RED RETROSPOT",163,2
170,"LUNCH BAG ALPHABET DESIGN, LUNCH BAG CARS BLUE",163,2
21,"LUNCH BAG ALPHABET DESIGN, LUNCH BAG SUKI DESIGN",162,2
32,"CREAM HANGING HEART T-LIGHT HOLDER, REGENCY CAKESTAND 3 TIER",162,2
85,"REGENCY MILK JUG PINK, REGENCY SUGAR BOWL GREEN",162,2
107,"LUNCH BAG ALPHABET DESIGN, JUMBO BAG ALPHABET",162,2
2,"HOT WATER BOTTLE KEEP CALM, CHOCOLATE HOT WATER BOTTLE",161,2
14,"JUMBO BAG RED RETROSPOT, LUNCH BAG PINK POLKADOT",161,2
0,"HOT WATER BOTTLE KEEP CALM, HOT WATER BOTTLE TEA AND SYMPATHY",160,2
27,"LUNCH BAG ALPHABET DESIGN, LUNCH BAG SPACEBOY DESIGN",160,2
55,"PLASTERS IN TIN CIRCUS PARADE, PLASTERS IN TIN WOODLAND ANIMALS",160,2
108,"JUMBO BAG VINTAGE LEAF, JUMBO BAG ALPHABET",160,2
125,"JUMBO BAG PINK VINTAGE PAISLEY, JUMBO BAG SCANDINAVIAN BLUE PAISLEY",160,2
61,"CREAM HANGING HEART T-LIGHT HOLDER, WOODEN PICTURE FRAME WHITE FINISH",159,2
93,"JUMBO BAG VINTAGE LEAF, JUMBO BAG APPLES",159,2
156,"LUNCH BAG APPLE DESIGN, LUNCH BAG WOODLAND",159,2
18,"LUNCH BAG DOLLY GIRL DESIGN, LUNCH BAG SUKI DESIGN",158,2
47,"PACK OF 72 SKULL CAKE CASES, PACK OF 72 RETROSPOT CAKE CASES",158,2
54,"CHILDRENS CUTLERY POLKADOT PINK, CHILDRENS CUTLERY POLKADOT BLUE",158,2
65,"SCOTTIE DOG HOT WATER BOTTLE, RETROSPOT HEART HOT WATER BOTTLE",158,2
89,"JUMBO BAG VINTAGE DOILY, JUMBO BAG PEARS",158,2
92,"JUMBO BAG ALPHABET, JUMBO BAG APPLES",158,2
118,"SET OF 6 SNACK LOAF BAKING CASES, SET OF 12 FAIRY CAKE BAKING CASES",158,2
163,"LUNCH BAG ALPHABET DESIGN, LUNCH BAG  BLACK SKULL.",158,2
6,"CHRISTMAS CRAFT LITTLE FRIENDS, CHRISTMAS CRAFT TREE TOP ANGEL",157,2
83,"POPPY'S PLAYHOUSE KITCHEN, POPPY'S PLAYHOUSE LIVINGROOM",157,2
42,"REGENCY TEAPOT ROSES, REGENCY CAKESTAND 3 TIER",156,2
10,"PACK OF 72 RETROSPOT CAKE CASES, SET/20 RED RETROSPOT PAPER NAPKINS",155,2
63,"HAND WARMER OWL DESIGN, HAND WARMER UNION JACK",155,2
9,"PINK CREAM FELT CRAFT TRINKET BOX, PINK BLUE FELT CRAFT TRINKET BOX",154,2
44,"72 SWEETHEART FAIRY CAKE CASES, PACK OF 72 RETROSPOT CAKE CASES",154,2
80,"JAM MAKING SET PRINTED, SET OF 3 CAKE TINS PANTRY DESIGN",154,2
86,"REGENCY MILK JUG PINK, REGENCY TEAPOT ROSES",154,2
87,"REGENCY SUGAR BOWL GREEN, REGENCY TEAPOT ROSES",154,2
132,"60 CAKE CASES VINTAGE CHRISTMAS, SET OF 20 VINTAGE CHRISTMAS NAPKINS",154,2
155,"LUNCH BAG VINTAGE DOILY, LUNCH BAG WOODLAND",154,2
167,"JUMBO BAG RED RETROSPOT, LUNCH BAG CARS BLUE",154,2
